anno_pubblicazione;titolo;voto;regista;genere;cast;trama;locandina;tmdb_id;tag
2026;Odissea;;Christopher Nolan;Avventura;Matt Damon, Tom Holland, Anne Hathaway, Robert Pattinson, Himesh Patel, John Leguizamo, Charlize Theron, Travis Scott, Corey Hawkins, Jarreth J. Merz, Niko Nicotera, Elliot Page, Shiloh Fernandez, Rafi Gavron, Elyes Gabel;Ogni leggenda ha un prezzo. Ogni ritorno richiede un sacrificio. Mentre il mare diventa il suo più grande nemico, Ulisse affronta un cammino fatto di illusioni, battaglie e prove impossibili. Un'epica odissea che mette alla prova il coraggio di un uomo contro il volere degli dèi.;Locandine/2026_Odissea_1368337.jpg;1368337;Avventura, Azione, Fantasy
2026;Disclosure Day;;Steven Spielberg;Fantascienza;Emily Blunt, Josh O'Connor, Colin Firth, Colman Domingo, Eve Hewson, Wyatt Russell, Elizabeth Marvel, Henry Lloyd-Hughes, Courtney Grace, Jeremy Shamos, Michael Gaston, Gabby Beans, Elliot Villar, Noah Robbins, Clarke Thorell;Se scoprissi che non siamo soli, se qualcuno te lo mostrasse, te lo dimostrasse, questo ti spaventerebbe?;Locandine/2026_Disclosure_Day_1275779.jpg;1275779;Fantascienza, Thriller
2026;Toy Story 5;;Andrew Stanton;Animazione;Tom Hanks, Tim Allen, Joan Cusack, Greta Lee, Conan O'Brien, Craig Robinson, Shelby Rabara, Tony Hale, Scarlett Spears, Jay Hernandez, Lori Alan, Bonnie Hunt, Kristen Schaal, Wallace Shawn, John Ratzenberger;Quando Bonnie riceve in regalo un tablet Lilypad e ne diventa ossessionata, per Buzz, Woody, Jessie e il resto della banda, il lavoro si complica enormemente: dovranno affrontare una nuova, temibile minaccia al mondo del gioco.;Locandine/2026_Toy_Story_5_1084244.jpg;1084244;Animazione, Famiglia, Commedia, Avventura
2014;Toy Story: Tutto un altro mondo;;Steve Purcell;Animazione;Kristen Schaal, Kevin McKidd, Tom Hanks, Tim Allen, Wallace Shawn, Emily Hahn, Steve Purcell, R.C. Cope, Emma Hudak, Jonathan Kydd, Don Rickles, Timothy Dalton, Lori Alan, Joan Cusack;Nel corso di un invito a giocare post-natalizio di Bonnie, gli amici di Toy Story capitano in un territorio inesplorato, dove una gruppo di giocattoli d'azione si rivela pericolosamente delirante. Ed è tutto merito di Trixie, il triceratopo, se i giocattoli di Bonnie riusciranno a tornare a casa.;Locandine/2014_Toy_Story_Tutto_un_altro_mondo_256835.jpg;256835;Animazione, Famiglia, Avventura, Commedia
2019;Toy Story 4;;Josh Cooley;Animazione;Tom Hanks, Tim Allen, Annie Potts, Tony Hale, Keegan-Michael Key, Madeleine McGraw, Christina Hendricks, Jordan Peele, Keanu Reeves, Ally Maki, Jay Hernandez, Lori Alan, Joan Cusack, Bonnie Hunt, Kristen Schaal;"Woody è sempre stato sicuro del suo posto nel mondo, devoto a prendersi cura di suo figlio, che si tratti di Andy o Bonnie. Ma dopo che Bonnie crea un nuovo giocattolo riluttante chiamato ""Forky"", un'avventura in viaggio insieme a vecchi e nuovi amici mette in discussione tutto ciò in cui Woody crede riguardo alla lealtà, allo scopo e a cosa significhi davvero essere un giocattolo.";Locandine/2019_Toy_Story_4_301528.jpg;301528;Famiglia, Commedia, Animazione, Avventura
2019;Spider-Man: Far from Home;;Jon Watts;Fantascienza;Tom Holland, Jake Gyllenhaal, Samuel L. Jackson, Marisa Tomei, Jon Favreau, Zendaya, Jacob Batalon, Tony Revolori, Angourie Rice, Remy Hii, Martin Starr, JB Smoove, Jorge Lendeborg Jr., Cobie Smulders, Numan Acar;Peter Parker ritorna in Spider-Man: Far From Home, il secondo capitolo della serie di Spider-Man: Homecoming! Il nostro amichevole Spider-Man di quartiere decide di partire per una vacanza in Europa con i suoi migliori amici. I propositi di Peter di non indossare i panni del supereroe per alcune settimane vengono meno quando decide, a malincuore, di aiutare Nick Fury a svelare il mistero degli attacchi di creature elementali che stanno creando scompiglio in tutto il continente.  Parte delle riprese sono state realizzate a Venezia tra settembre e ottobre 2018.;Locandine/2019_Spider-Man_Far_from_Home_429617.jpg;429617;Azione, Avventura, Fantascienza
2021;Black Widow;;Cate Shortland;Fantascienza;Scarlett Johansson, Florence Pugh, Rachel Weisz, David Harbour, Ray Winstone, Ever Anderson, Violet McGraw, O-T Fagbenle, William Hurt, Olga Kurylenko, Ryan Kiera Armstrong, Liani Samuel, Michelle Lee, Lewis Young, C.C. Smiff;Quando viene alla luce un pericoloso complotto, Natasha Romanoff alias Black Widow si trova ad affrontare il lato più oscuro del suo passato. Inseguita da una forza che non si fermerà di fronte a nulla per distruggerla, Natasha dovrà fare i conti con il suo passato da spia e con le relazioni che ha lasciato dietro di sé molto prima di diventare un Avenger.;Locandine/2021_Black_Widow_497698.jpg;497698;Azione, Avventura, Fantascienza
2021;Shang-Chi e la leggenda dei dieci anelli;;Destin Daniel Cretton;Fantascienza;Simu Liu, Tony Leung Chiu-wai, Awkwafina, Ben Kingsley, 张梦儿, Fala Chen, Michelle Yeoh, Yuen Wah, Florian Munteanu, Andy Le, Paul He, Jayden Tianyi Zhang, Elodie Fong, Arnold Sun, Stephanie Hsu;Xu Shang-Chi è il figlio di un potente criminale cinese. Cresciuto in un complesso isolato dal resto del mondo, è stato addestrato nelle arti marziali e ha sviluppato abilità senza precedenti. Si è però lasciato il passato alle spalle trasferendosi a San Francisco. Ben presto, il padre e la sua associazione lo costringeranno a fare i conti con chi è e con l'eredità che si porta appresso.;Locandine/2021_Shang-Chi_e_la_leggenda_dei_dieci_anelli_566525.jpg;566525;Azione, Avventura, Fantasy
2021;Eternals;;Chloé Zhao;Fantascienza;Gemma Chan, Richard Madden, Angelina Jolie, Salma Hayek Pinault, Kumail Nanjiani, Lia McHugh, Brian Tyree Henry, Lauren Ridloff, Barry Keoghan, 마동석, Bill Skarsgård, Kit Harington, Harish Patel, Haaz Sleiman, Esai Daniel Cross;"Ne ""Gli Eterni"" dei Marvel Studios un nuovo, entusiasmante, team di supereroi debutta nell’universo cinematografico Marvel: antichi alieni che vivono in segreto sulla Terra da migliaia di anni. A seguito degli eventi di ""Avengers: Endgame"", una tragedia inaspettata li costringe a uscire dalle ombre per ricongiungersi con il più antico nemico dell’umanità, i Devianti.";Locandine/2021_Eternals_524434.jpg;524434;Fantascienza, Azione, Avventura
2021;Spider-Man: No Way Home;;Jon Watts;Fantascienza;Tom Holland, Zendaya, Benedict Cumberbatch, Jacob Batalon, Jon Favreau, Jamie Foxx, Willem Dafoe, Alfred Molina, Benedict Wong, Tony Revolori, Marisa Tomei, Andrew Garfield, Tobey Maguire, Angourie Rice, Arian Moayed;In seguito agli eventi di Spider-Man: Far from Home, la vita di Peter Parker viene stravolta dopo che Mysterio rivela al mondo la sua identità. Peter chiede aiuto a Stephen Strange affinché usi la magia per far scordare a tutti la sua identità. Ma l'incantesimo non va come previsto e Peter si ritrova a dover affrontare nemici da altri universi e a scoprire cosa significa davvero essere Spider-Man.;Locandine/2021_Spider-Man_No_Way_Home_634649.jpg;634649;Azione, Avventura, Fantascienza
2022;Thor: Love and Thunder;;Taika Waititi;Fantascienza;Chris Hemsworth, Natalie Portman, Christian Bale, Tessa Thompson, Taika Waititi, Russell Crowe, Jaimie Alexander, Idris Elba, Chris Pratt, Dave Bautista, Karen Gillan, Pom Klementieff, Sean Gunn, Vin Diesel, Bradley Cooper;Thor intraprende un viaggio come non ne ha mai fatti prima – la ricerca della pace interiore. Ma il suo pensionamento viene interrotto da un assassino galattico chiamato Gorr il Macellatore di Dei, che vuole portare le divinità all’estinzione. Per combattere questa minaccia, Thor chiede l’aiuto di Re Valkyrie, Korg e dell’ex fidanzata Jane Foster che – con grande sorpresa di Thor – inspiegabilmente è degna di brandire il suo martello magico, Mjolnir, come Potente Thor. Insieme, si imbarcano in una sconvolgente avventura cosmica per scoprire il mistero della vendetta del Macellatore di Dei e fermarlo prima che sia troppo tardi.;Locandine/2022_Thor_Love_and_Thunder_616037.jpg;616037;Fantasy, Azione, Commedia
2022;Black Panther: Wakanda Forever;;Ryan Coogler;Fantascienza;Letitia Wright, Tenoch Huerta Mejía, Lupita Nyong'o, Danai Gurira, Winston Duke, Angela Bassett, Martin Freeman, Julia Louis-Dreyfus, Dominique Thorne, Florence Kasumba, Michaela Coel, Alex Livinalli, Mabel Cadena, Michael B. Jordan, Isaach de Bankolé;La Regina Ramonda, Shuri, M’Baku, Okoye e le Dora Milaje, lottano per proteggere la loro nazione dalle invadenti potenze mondiali dopo la morte di Re T’Challa. Mentre gli abitanti del Wakanda cercano di comprendere il prossimo capitolo della loro storia, gli eroi devono riunirsi con l’aiuto di War Dog Nakia e di Everett Ross e forgiare un nuovo percorso per il regno del Wakanda.;Locandine/2022_Black_Panther_Wakanda_Forever_505642.jpg;505642;Azione, Avventura, Fantascienza
2023;Ant-Man and the Wasp: Quantumania;;Peyton Reed;Fantascienza;Paul Rudd, Evangeline Lilly, Michael Douglas, Michelle Pfeiffer, Jonathan Majors, Kathryn Newton, Corey Stoll, Bill Murray, Katy O'Brian, William Jackson Harper, Jamie Andrew Cutler, David Dastmalchian, Randall Park, Mark Weinman, Ross Mullan;I Super Eroi Scott Lang (Paul Rudd) e Hope Van Dyne (Evangeline Lilly) tornano per continuare le loro avventure come Ant-Man e The Wasp. Insieme ai genitori di Hope, Hank Pym (Michael Douglas) e Janet Van Dyne (Michelle Pfeiffer), la famiglia si ritrova a esplorare il Regno Quantico, a interagire con nuove strane creature e a intraprendere un’avventura che li spingerà oltre i limiti di ciò che pensavano fosse possibile.;Locandine/2023_Ant-Man_and_the_Wasp_Quantumania_640146.jpg;640146;Azione, Avventura, Fantascienza
2023;The Marvels;;Nia DaCosta;Fantascienza;Brie Larson, Teyonah Parris, Iman Vellani, Samuel L. Jackson, Zawe Ashton, Gary Lewis, 박서준, Zenobia Shroff, Mohan Kapur, Saagar Shaikh, Leila Farzad, Abraham Popoola, Lashana Lynch, Tessa Thompson, Daniel Ings;Carol Danvers alias Captain Marvel si è ripresa la sua identità dal tirannico Kree e ha avuto la sua vendetta contro la Suprema Intelligenza. Ma a causa di conseguenze inaspettate, Carol si carica del fardello di un universo destabilizzato. Quando i suoi doveri la mandano in un wormhole anomalo collegato a un rivoluzionario Kree, i suoi poteri si intrecciano con quelli della super fan di Jersey City, Kamala Khan alias Ms. Marvel, e la nipote di Carol da cui si è separata da tempo, il capitano Monica Rambeau. Insieme questo trio improbabile deve fare squadra e imparare a lavorare in sinergia per salvare l’universo nei panni delle “Marvels”.;Locandine/2023_The_Marvels_609681.jpg;609681;Fantascienza, Avventura, Azione
2024;Deadpool & Wolverine;;Shawn Levy;Fantascienza;Ryan Reynolds, Hugh Jackman, Emma Corrin, Matthew Macfadyen, Dafne Keen, Jon Favreau, Morena Baccarin, Rob Delaney, Leslie Uggams, Jennifer Garner, Wesley Snipes, Channing Tatum, Chris Evans, Henry Cavill, Wunmi Mosaku;"La vita di Wade Wilson, che ha ormai smesso di fare il mercenario in costume, non ha preso una bella piega. Negli ultimi anni la sua compagna l'ha lasciato e ora sta frequentando un altro uomo; al lavoro, come venditore di auto al fianco di Peter, gli affari arrancano; il colloquio per entrare negli Avengers è andato malissimo. Ciò nonostante Wade ha ancora i suoi amici intorno e, quando la TVA lo rapisce e gli comunica che la sua linea temporale sta per essere cancellata, ecco che Wade torna a mettere i panni di Deadpool e si lancia in una assurda impresa, per cui ha assolutamente bisogno di collaborare con una variante di Wolverine. Dopo diversi tentativi abortiti, trova un Logan depresso dai molti fallimenti e lo porta con sé per fermare la TVA, che però li esilia entrambi nel ""vuoto"", un'apocalittica dimensione dominata da Alioth (una grande tempesta dal volto di lupo) e da Cassandra Nova, la folle e potentissima gemella di Charles Xavier.";Locandine/2024_Deadpool_Wolverine_533535.jpg;533535;Azione, Commedia, Fantascienza
2025;Captain America: Brave New World;;Julius Onah;Fantascienza;Anthony Mackie, Harrison Ford, Danny Ramirez, Shira Haas, Tim Blake Nelson, Carl Lumbly, Giancarlo Esposito, Liv Tyler, Xosha Roquemore, Jóhannes Haukur Jóhannesson, William Mark McCullough, 平岳大, Harsh Nayyar, Rick Espaillat, Todd Allen Durkin;Dopo aver incontrato il neoeletto Presidente degli Stati Uniti Thaddeus Ross, interpretato da Harrison Ford al suo debutto nel Marvel Cinematic Universe, Sam si ritrova nel bel mezzo di un incidente internazionale. Deve scoprire le ragioni di un efferato complotto globale prima che il mondo intero sia costretto a vedere rosso.;Locandine/2025_Captain_America_Brave_New_World_822119.jpg;822119;Azione, Thriller, Fantascienza
2025;I Fantastici 4 - Gli inizi;;Matt Shakman;Fantascienza;Pedro Pascal, Vanessa Kirby, Ebon Moss-Bachrach, Joseph Quinn, Ralph Ineson, Julia Garner, Paul Walter Hauser, Natasha Lyonne, Sarah Niles, Mark Gatiss, Ada Scott, Matthew Wood, Angela Jones, Maisie Shakman, Jay Underwood;Sullo sfondo di un vivace mondo retro-futuristico ispirato agli anni ’60, ecco la Prima Famiglia Marvel composta da Reed Richards/Mister Fantastic, Sue Storm/Donna Invisibile, Johnny Storm/Torcia Umana e Ben Grimm/la Cosa alle prese con la sfida più difficile mai affrontata. Costretti a bilanciare il loro ruolo di eroi con la forza del loro legame familiare, i protagonisti devono difendere la Terra da una vorace divinità spaziale chiamata Galactus e dal suo enigmatico Araldo, Silver Surfer. E se il piano di Galactus di divorare l'intero pianeta e tutti i suoi abitanti non fosse già abbastanza terribile, la situazione diventa all’improvviso una questione molto personale.;Locandine/2025_I_Fantastici_4_-_Gli_inizi_617126.jpg;617126;Fantascienza, Avventura, Azione
